№,Name,Description,Price,Image Url
1,BMW X5,"2017 г., 3 л., автомат, внедорожник 5 дв., дизель, руль слева, 150 000 км",$ 49 500,https://im.mashina.kg/tachka/images//a/3/6/a36fb2df832fc46d06c6913b3f27e1a5_240x180.jpg
2,Toyota 4Runner,"2017 г., 4 л., автомат, внедорожник 5 дв., бензин, руль слева, 120 000 км",$ 37 500,https://im.mashina.kg/tachka/images//6/f/3/6f3d18909acce96e97b39456bd181437_240x180.jpg
3,Mercedes-Benz C-Класс,"2004 г., 1.8 л., автомат, седан, бензин, руль слева, 125 000 км",$ 9 500,https://im.mashina.kg/tachka/images//1/b/d/1bd151e65b0e06512c802b42860a66a7_240x180.jpg
4,BMW X7,"2019 г., 4.4 л., автомат, внедорожник 5 дв., бензин, руль слева, 53 000 км",$ 103 000,https://im.mashina.kg/tachka/images//b/7/c/b7c86b439d161d52f5b981eed6222289_240x180.jpg
5,Kia Rio,"2020 г., 1.6 л., автомат, седан, бензин, руль слева, 50 000 км",$ 16 900,https://im.mashina.kg/tachka/images//2/a/c/2ac6a20003f9bf03c56e63d0e447024c_240x180.jpg
6,Toyota Camry,"2023 г., 2.5 л., автомат, седан, бензин, руль слева   новый",$ 46 500,https://im.mashina.kg/tachka/images//a/0/9/a09b1e1fc37b715c3a2431a225affdc5_240x180.jpg
7,BMW X7,"2020 г., 3 л., автомат, внедорожник 5 дв., бензин, руль слева, 68 000 км",$ 120 000,https://im.mashina.kg/tachka/images//c/3/c/c3c1eab5a0ed8a4848ac4c2e55921889_240x180.jpg
8,Honda Accord,"2000 г., 1.8 л., механика, седан, бензин, руль слева, 300 000 км",$ 4 324,https://im.mashina.kg/tachka/images//8/6/f/86fcdb1a5bf0863066db01c2b44a4fed_240x180.jpg
9,Land Rover Range Rover Evoque,"2012 г., 2 л., автомат, внедорожник 5 дв., бензин, руль слева, 11 200 км",$ 20 000,https://im.mashina.kg/tachka/images//5/0/2/502557630f86bb998a9be02ddb4ca50a_240x180.jpg
10,Lexus RX,"2020 г., 3.5 л., вариатор, внедорожник 5 дв., гибрид, руль слева, 40 000 км",$ 68 000,https://im.mashina.kg/tachka/images//3/4/6/34641fa63446319343cafcde6a7597ac_240x180.jpg
11,BMW 3 серии,"2014 г., 2 л., автомат, седан, бензин, руль слева, 138 000 км",$ 16 900,https://im.mashina.kg/tachka/images//7/f/8/7f8b93ec41d9dca6336f59ce2292c90d_240x180.jpg
12,Toyota Camry,"2018 г., 2.5 л., автомат, седан, бензин, руль слева, 35 000 км",$ 27 000,https://im.mashina.kg/tachka/images//7/d/5/7d50640cf6d92cd004d15e41f7c8f503_240x180.jpg
13,Lexus RX,"2017 г., 3.5 л., вариатор, внедорожник 5 дв., гибрид, руль слева, 66 500 км",$ 52 500,https://im.mashina.kg/tachka/images//5/e/7/5e726037eef98503ba86c6cb49909f3f_240x180.jpg
14,Kia Carnival,"2020 г., 2.2 л., автомат, минивэн, дизель, руль слева, 9 600 км",$ 44 900,https://im.mashina.kg/tachka/images//c/a/0/ca0b8f6a1858080738a8a473123a613c_240x180.jpg
15,Toyota Camry,"2014 г., 2.5 л., автомат, седан, бензин, руль слева, 122 000 км",$ 15 500,https://im.mashina.kg/tachka/images//3/a/3/3a388c15d07673ee0b7bd94e25d8a8d8_240x180.jpg
16,Honda Fit,"2003 г., 1.3 л., вариатор, хэтчбек 5 дв., бензин, руль справа, 288 000 км",$ 6 884,https://im.mashina.kg/tachka/images//f/d/e/fdee5e5247b794a513491d9ef25f9884_240x180.jpg
17,BMW X5,"2016 г., 3 л., автомат, внедорожник 5 дв., дизель, руль слева, 199 999 км",$ 55 000,https://im.mashina.kg/tachka/images//a/4/2/a42fd004ae111e7c49f2f55d08763a31_240x180.jpg
18,Toyota Land Cruiser,"2008 г., 4.7 л., автомат, внедорожник 5 дв., бензин, руль слева, 250 000 км",$ 35 000,https://im.mashina.kg/tachka/images//3/2/b/32bd864080af55ce22dc7e91a50c3959_240x180.jpg
19,Lexus LX,"2008 г., 5.7 л., автомат, внедорожник 5 дв., бензин, руль слева, 260 000 км",$ 34 500,https://im.mashina.kg/tachka/images//6/2/5/6253d100fbd6322b60d3c6d8fc4fba44_240x180.jpg
20,Hyundai Avante,"2011 г., 1.6 л., автомат, седан, бензин, руль слева, 179 000 км",$ 10 500,https://im.mashina.kg/tachka/images//a/8/b/a8bffc3204142addf9c4657e74d05fa4_240x180.jpg
21,Toyota Camry,"2018 г., 2.5 л., автомат, седан, бензин, руль слева, 99 000 км",$ 24 900,https://im.mashina.kg/tachka/images//7/d/5/7d5117780528c2e42cec9c04402b03f4_240x180.jpg
22,Lexus LX,"2007 г., 4.7 л., автомат, внедорожник 5 дв., бензин, руль слева, 228 000 км",$ 31 500,https://im.mashina.kg/tachka/images//c/9/f/c9f5e503167010ba90ad8181a9723c8b_240x180.jpg
23,Toyota Prius,"2020 г., 1.8 л., автомат, хэтчбек 5 дв., гибрид, руль слева, 75 000 км",$ 23 900,https://im.mashina.kg/tachka/images//3/f/3/3f3a4767e6ccb730ca31809a202ec1e2_240x180.jpg
24,Toyota RAV4,"2018 г., 2.5 л., автомат, внедорожник 5 дв., бензин, руль слева, 89 000 км",$ 22 000,https://im.mashina.kg/tachka/images//0/3/d/03d7003432fce308b62399025ab82ed7_240x180.jpg
25,BMW M5,"2019 г., 4.4 л., автомат, седан, бензин, руль слева, 26 000 км",$ 85 000,https://im.mashina.kg/tachka/images//8/c/c/8ccd59d71c7b8962989e082b31606713_240x180.jpg
26,Hyundai Sonata,"2016 г., 2.4 л., автомат, седан, бензин, руль слева, 143 000 км",$ 14 500,https://im.mashina.kg/tachka/images//c/7/b/c7b9925ca35326d7fb89028f77e92a47_240x180.jpg
27,Kia K5 II Седан,"2017 г., 2 л., автомат, седан, газ, руль слева, 200 304 км",$ 11 600,https://im.mashina.kg/tachka/images//6/2/e/62e1b4e4da8527503ad7d26a9a616d52_240x180.jpg
28,Mercedes-Benz GLS,"2017 г., 3 л., автомат, внедорожник 5 дв., дизель, руль слева, 130 000 км",$ 70 000,https://im.mashina.kg/tachka/images//7/6/1/761e5147890952471576425fd3c43c0f_240x180.jpg
29,Toyota RAV4,"2010 г., 2.5 л., автомат, внедорожник 5 дв., бензин, руль слева, 190 000 км",$ 13 700,https://im.mashina.kg/tachka/images//b/0/3/b033f8dd219e838d77de30f2baa81c73_240x180.jpg
30,Mercedes-Benz E-класс,"2007 г., 3 л., автомат, универсал, дизель, руль слева, 360 000 км",$ 11 999,https://im.mashina.kg/tachka/images//4/7/3/47314dc8e19a16897f0ceb7f3dc3d33f_240x180.jpg
31,Toyota RAV4,"2019 г., 2.5 л., автомат, внедорожник 5 дв., бензин, руль слева, 28 000 км",$ 31 000,https://im.mashina.kg/tachka/images//0/b/a/0ba66555078e6bf5f06160aa30e6c397_240x180.jpg
32,Hyundai Sonata,"2021 г., 1.6 л., автомат, седан, бензин, руль слева, 58 000 км",$ 32 500,https://im.mashina.kg/tachka/images//4/b/4/4b42445489cd467ba11261489a2f8ef9_240x180.jpg
33,Hyundai Santa Fe,"2019 г., 2.4 л., автомат, внедорожник 5 дв., бензин, руль слева, 62 000 км",$ 34 000,https://im.mashina.kg/tachka/images//1/3/7/137c65c9f7c36731d008517a0df7cab4_240x180.jpg
34,Toyota Camry,"2015 г., 2.5 л., автомат, седан, бензин, руль слева, 190 000 км",$ 17 200,https://im.mashina.kg/tachka/images//6/c/4/6c47f58180ba6a61da06a7c2c1abaf73_240x180.jpg
35,Mercedes-Benz C-Класс,"2017 г., 2 л., автомат, седан, бензин, руль слева, 85 000 км",$ 29 900,https://im.mashina.kg/tachka/images//5/1/a/51a656bffbb9d8e5f32bbd33caf164c7_240x180.jpg
36,BMW X5,"2016 г., 3 л., автомат, внедорожник 5 дв., бензин, руль слева, 111 222 км",$ 43 500,https://im.mashina.kg/tachka/images//c/f/5/cf561615489cd4e4b3458734ba1f3fa4_240x180.jpg
37,Hyundai Palisade,"2020 г., 2.2 л., автомат, внедорожник 5 дв., дизель, руль слева, 25 000 км",$ 49 500,https://im.mashina.kg/tachka/images//4/6/d/46da2b7a62196021a0f862889db7a1c2_240x180.jpg
38,Kia Sorento,"2017 г., 2.2 л., автомат, внедорожник 5 дв., дизель, руль слева, 70 000 км",$ 27 000,https://im.mashina.kg/tachka/images//8/6/6/866063798dfab644cca471effd0b9825_240x180.jpg
39,Lexus ES,"2008 г., 3.5 л., автомат, седан, бензин, руль слева, 250 000 км",$ 14 500,https://im.mashina.kg/tachka/images//1/5/7/157a4826006d04310b6dd20dcb424de7_240x180.jpg
40,Volkswagen Golf Plus,"2009 г., 1.6 л., автомат, хэтчбек 5 дв., бензин, руль слева, 128 212 км",$ 7 000,https://im.mashina.kg/tachka/images//9/8/2/98241e79579cb30bb17659f23544ae07_240x180.jpg
41,BMW 5 серии,"2018 г., 2 л., автомат, седан, дизель, руль слева, 90 000 км",$ 34 800,https://im.mashina.kg/tachka/images//2/c/3/2c3241e35f486cfcf18876c505b55dfc_240x180.jpg
42,Hyundai Elantra,"2018 г., 2 л., автомат, седан, бензин, руль слева, 80 000 км",$ 14 500,https://im.mashina.kg/tachka/images//0/6/0/060636f352f38a84d4cbf7d63a7a604e_240x180.jpg
43,Lexus LX,"2011 г., 5.7 л., автомат, внедорожник 5 дв., бензин, руль слева, 180 000 км",$ 43 000,https://im.mashina.kg/tachka/images//6/7/5/67529724658049b74b015dbd1e6702a0_240x180.jpg
44,Hyundai Santa Fe,"2019 г., 2.4 л., автомат, внедорожник 5 дв., бензин, руль слева, 55 000 км",$ 27 000,https://im.mashina.kg/tachka/images//1/f/8/1f836bb7cc650914e076e09cb65524b9_240x180.jpg
45,Toyota Camry,"2016 г., 2.5 л., вариатор, седан, гибрид, руль слева, 250 000 км",$ 17 900,https://im.mashina.kg/tachka/images//d/c/5/dc5ae134f743c563ee646c3919f1e578_240x180.jpg
46,BMW 5 серии,"2017 г., 2 л., автомат, седан, бензин, руль слева, 193 000 км",$ 33 999,https://im.mashina.kg/tachka/images//f/b/0/fb028f234fb6caad1b2ef10635eaab33_240x180.jpg
47,Toyota Camry,"2011 г., 2.5 л., автомат, седан, бензин, руль слева, 165 000 км",$ 13 500,https://im.mashina.kg/tachka/images//b/9/4/b94d20071f1afb3d0f0c8ce620eb11aa_240x180.jpg
48,Kia Sportage,"2016 г., 2 л., автомат, внедорожник 5 дв., дизель, руль слева, 120 000 км",$ 19 000,https://im.mashina.kg/tachka/images//d/a/c/dacefe00d4153161601ed9362554f0c6_240x180.jpg
49,Mercedes-Benz E-класс,"1994 г., 2.8 л., автомат, седан, бензин, руль слева, 360 000 км",$ 3 413,https://im.mashina.kg/tachka/images//c/9/a/c9a7c0e8b640f177abf068002674a707_240x180.jpg
50,Toyota Camry,"2004 г., 2.4 л., автомат, седан, бензин, руль слева, 244 528 км",$ 9 500,https://im.mashina.kg/tachka/images//2/a/c/2ac98409e6506cf29cd54711b0e9a1c4_240x180.jpg
51,Kia Carnival,"2021 г., 3.5 л., автомат, минивэн, бензин, руль слева, 1 100 км",$ 40 000,https://im.mashina.kg/tachka/images//d/1/b/d1b421693c66374fa5475cb2d3d808a0_240x180.jpg
52,BMW 5 серии,"2017 г., 3 л., автомат, седан, дизель, руль слева, 1 432 км",$ 46 900,https://im.mashina.kg/tachka/images//0/1/1/011ba9246827627e4d2c3c21545b06f9_240x180.jpg
53,Toyota Camry,"2002 г., 2.4 л., автомат, седан, бензин, руль слева, 35 000 км",$ 8 420,https://im.mashina.kg/tachka/images//c/9/2/c92fb7a3ef206daeaf991611b4f798b9_240x180.jpg
54,Suzuki SX4,"2009 г., 2 л., механика, хэтчбек 5 дв., дизель, руль слева, 113 500 км",$ 10 000,https://im.mashina.kg/tachka/images//a/b/4/ab4fa06f2cb9f3db3fb44fd56e3f0ea2_240x180.jpg
55,Kia K5 III Седан,"2020 г., 2 л., автомат, седан, бензин, руль слева, 50 800 км",$ 30 500,https://im.mashina.kg/tachka/images//9/b/7/9b76e1da3182fa249ea1c55639a18a03_240x180.jpg
56,Honda M-NV,"2022 г., автомат, внедорожник 5 дв., электро, руль слева, 100 км",$ 21 800,https://im.mashina.kg/tachka/images//f/9/6/f96de6b4eb520875c197bd6449c90a29_240x180.jpg
57,Audi A6,"2002 г., 2.4 л., вариатор, седан, бензин, руль слева, 315 000 км",$ 3 300,https://im.mashina.kg/tachka/images//e/3/d/e3d7de69ca332e0ffbe4d1a517ba35a4_240x180.jpg
58,Toyota Corolla,"2022 г., 1.8 л., вариатор, седан, гибрид, руль слева, 5 000 км",$ 26 000,https://im.mashina.kg/tachka/images//3/a/9/3a96b0f7a6f67bef3cfdea5a2db1f7aa_240x180.jpg
59,Buick LaCrosse,"2022 г., 2 л., автомат, седан, бензин, руль слева, 600 км",$ 44 000,https://im.mashina.kg/tachka/images//a/5/3/a538a87c9100f7184393fb1782fbfc88_240x180.jpg
60,Hyundai Sonata,"2016 г., 2 л., автомат, седан, газ, руль слева, 289 000 км",$ 12 200,https://im.mashina.kg/tachka/images//d/1/f/d1f49e3deb476996088a480d0e09f5bb_240x180.jpg
61,Lexus ES,"2016 г., 2.5 л., вариатор, седан, гибрид, руль слева, 50 000 км",$ 26 000,https://im.mashina.kg/tachka/images//5/2/d/52d955409b0e9bbfe7f70c9f12e91616_240x180.jpg
62,Porsche Panamera,"2011 г., 4.8 л., робот, хэтчбек 5 дв., бензин, руль слева, 150 000 км",$ 31 500,https://im.mashina.kg/tachka/images//2/f/e/2fe887d6decea99c8ff7190e55f8fdd1_240x180.jpg
63,Toyota Camry,"2018 г., 2.5 л., автомат, седан, бензин, руль слева, 45 000 км",$ 26 500,https://im.mashina.kg/tachka/images//0/8/d/08d2bc8d50581df49da39346436d80d0_240x180.jpg
64,Lexus NX,"2018 г., 2 л., автомат, внедорожник 5 дв., бензин, руль слева, 48 000 км",$ 27 899,https://im.mashina.kg/tachka/images//8/2/8/8286e05713c5674e7560aafe35004665_240x180.jpg
65,Honda Fit,"2004 г., 1.5 л., вариатор, хэтчбек 5 дв., бензин, руль справа, 265 000 км",$ 7 500,https://im.mashina.kg/tachka/images//c/e/5/ce55c842cfcff9c312689f165dce5dfa_240x180.jpg
66,Genesis G80,"2021 г., 2.5 л., автомат, седан, бензин, руль слева, 9 500 км",$ 59 000,https://im.mashina.kg/tachka/images//6/5/0/65088af9d5c337641e0dbb6a8c45180a_240x180.jpg
67,Toyota Camry,"2018 г., 2.5 л., автомат, седан, бензин, руль слева, 117 000 км",$ 22 600,https://im.mashina.kg/tachka/images//2/e/2/2e296ad821f176fc5030441dd2f029ba_240x180.jpg
68,Roewe i5,"2019 г., автомат, универсал, электро, руль слева, 49 000 км",$ 15 500,https://im.mashina.kg/tachka/images//1/6/c/16c354431a7f3d8d9a206219ea6fdbaa_240x180.jpg
69,Chevrolet Spark,"2016 г., 1 л., вариатор, хэтчбек 5 дв., бензин, руль слева, 146 000 км",$ 8 500,https://im.mashina.kg/tachka/images//f/8/5/f85b7c6e60b7519aa30061e2f715f6e3_240x180.jpg
70,Land Rover Range Rover Evoque,"2013 г., 2 л., автомат, внедорожник 5 дв., бензин, руль слева, 180 000 км",$ 25 500,https://im.mashina.kg/tachka/images//2/1/3/21302b08d0f9f4efd9ce0776b6e9517c_240x180.jpg
71,Hyundai Santa Fe,"2018 г., 2 л., автомат, внедорожник 5 дв., дизель, руль слева, 91 000 км",$ 27 000,https://im.mashina.kg/tachka/images//3/6/f/36f0448eca3e6da5c69cbf622f2f0848_240x180.jpg
72,Honda CR-V,"2018 г., 1.5 л., вариатор, внедорожник 5 дв., бензин, руль слева, 100 000 км",$ 24 500,https://im.mashina.kg/tachka/images//3/5/4/3541c0104fa380d0c3fb3b4a7097cd8a_240x180.jpg
73,Lexus LX,"2017 г., 5.7 л., автомат, внедорожник 5 дв., бензин, руль слева, 66 000 км",$ 90 000,https://im.mashina.kg/tachka/images//0/5/c/05c5c206f1279fe103750ef39a9377a6_240x180.jpg
74,Mercedes-Benz E-класс,"2002 г., 2.6 л., автомат, седан, бензин, руль слева, 230 000 км",$ 7 800,https://im.mashina.kg/tachka/images//f/1/6/f1649e41299ff07c51b9a07deb56dfea_240x180.jpg
75,Lexus RX,"2019 г., 3.5 л., автомат, внедорожник 5 дв., бензин, руль слева, 100 000 км",$ 45 000,https://im.mashina.kg/tachka/images//8/1/8/81844d6b3fb4a7c395b56e395b75b1fa_240x180.jpg
76,Toyota Corolla,"2016 г., 1.8 л., вариатор, седан, бензин, руль слева, 75 000 км",$ 13 600,https://im.mashina.kg/tachka/images//d/1/3/d135a390c5e9d99666f544f67820a317_240x180.jpg
77,Kia K5 II Седан,"2016 г., 2 л., автомат, седан, газ, руль слева, 134 000 км",$ 13 300,https://im.mashina.kg/tachka/images//6/f/f/6ffeb19c1d4426be4abc901a159614d0_240x180.jpg
78,Kia Sportage,"2017 г., 2 л., автомат, внедорожник 5 дв., дизель, руль слева, 37 000 км",$ 25 500,https://im.mashina.kg/tachka/images//9/5/6/956925470fd93b056b54cd5b13af6d1d_240x180.jpg
79,Hyundai Sonata,"2017 г., 2 л., автомат, седан, газ, руль слева",$ 16 500,https://im.mashina.kg/tachka/images//3/e/9/3e9caced997b2b79376cbad7ec23d71d_240x180.jpg
80,Volkswagen ID.4,"2022 г., автомат, внедорожник 5 дв., электро, руль слева, 13 500 км",$ 35 000,https://im.mashina.kg/tachka/images//d/a/e/daec3ba43ba24ec7d0e22040b5a0a12d_240x180.jpg
81,Toyota Camry,"2021 г., 3.5 л., автомат, седан, бензин, руль слева, 13 000 км",$ 38 700,https://im.mashina.kg/tachka/images//e/e/d/eedbbebe9d112f0c636c133df9ad5384_240x180.jpg
82,BMW X6,"2012 г., 3 л., автомат, внедорожник 5 дв., дизель, руль слева, 84 000 км",$ 30 000,https://im.mashina.kg/tachka/images//4/2/f/42fcf67ec9cc9c5cfacc235a3264c0f3_240x180.jpg
83,Volkswagen Multivan,"2008 г., 2.5 л., механика, минивэн, дизель, руль слева, 193 000 км",$ 14 300,https://im.mashina.kg/tachka/images//4/c/2/4c2eeae02f9005f857f8c2c0bdb9fe92_240x180.jpg
84,Toyota Land Cruiser Prado,"2014 г., 4 л., автомат, внедорожник 5 дв., бензин, руль слева, 150 000 км",$ 41 000,https://im.mashina.kg/tachka/images//d/f/0/df077a91020a6cdfd25b0b172f90953c_240x180.jpg
85,Mercedes-Benz GL-класс,"2013 г., 4.7 л., автомат, внедорожник 5 дв., бензин, руль слева, 79 000 км",$ 35 000,https://im.mashina.kg/tachka/images//c/e/8/ce8721451464d4e165ea3e71a77e2b70_240x180.jpg
86,Toyota Camry,"2012 г., 2.5 л., автомат, седан, бензин, руль слева, 93 000 км",$ 16 300,https://im.mashina.kg/tachka/images//4/c/0/4c05b34562e41d2beb3024f4f1047407_240x180.jpg
87,Hyundai Sonata,"2016 г., 2 л., автомат, седан, газ, руль слева, 186 000 км",$ 12 200,https://im.mashina.kg/tachka/images//2/b/7/2b7f5bd3990d88b1a08afe5f2d4d1a12_240x180.jpg
88,Lexus ES,"2017 г., 3.5 л., автомат, седан, бензин, руль слева, 150 000 км",$ 31 500,https://im.mashina.kg/tachka/images//7/3/c/73c65c41ba886513ab51234c51993fc5_240x180.jpg
89,Lexus RX,"2005 г., 3.3 л., автомат, внедорожник 5 дв., бензин, руль слева, 301 000 км",$ 14 500,https://im.mashina.kg/tachka/images//a/a/9/aa96187a8fd52e54322fb6aadead58a5_240x180.jpg
90,Toyota Land Cruiser,"2021 г., 3.4 л., автомат, внедорожник 5 дв., бензин, руль слева, 27 350 км",$ 128 000,https://im.mashina.kg/tachka/images//e/a/9/ea9f2b329a0ab1cb8418c2837d68cce9_240x180.jpg
91,Lexus ES,"2010 г., 3.5 л., автомат, седан, бензин, руль слева, 244 222 км",$ 16 000,https://im.mashina.kg/tachka/images//4/6/0/460bcee2e5d9b3961388f04e7bb2b36e_240x180.jpg
92,Honda Fit,"2003 г., 1.3 л., вариатор, хэтчбек 5 дв., бензин, руль справа, 100 000 км",$ 6 200,https://im.mashina.kg/tachka/images//6/8/6/6860d871c35646c3fbc3d883c9eb41c6_240x180.jpg
93,Lexus RX,"2013 г., 3.5 л., автомат, внедорожник 5 дв., бензин, руль слева, 98 000 км",$ 27 800,https://im.mashina.kg/tachka/images//d/f/f/dff2f1c7eb8c61b0fbd0b6f7ebd36901_240x180.jpg
94,Lexus NX,"2017 г., 2 л., автомат, внедорожник 5 дв., бензин, руль слева, 70 000 км",$ 30 500,https://im.mashina.kg/tachka/images//c/8/6/c869def4fd6b4370cf23f7de20424d6d_240x180.jpg
95,Toyota RAV4,"2018 г., 2.5 л., вариатор, внедорожник 5 дв., гибрид, руль слева, 120 000 км",$ 26 000,https://im.mashina.kg/tachka/images//a/3/c/a3ca97234629c93497ee1fe46d07a6b2_240x180.jpg
96,Toyota Land Cruiser Prado,"2020 г., 4 л., автомат, внедорожник 5 дв., бензин, руль слева, 41 000 км",$ 78 500,https://im.mashina.kg/tachka/images//d/0/6/d06c373c089833cdfad66bb56baef4b8_240x180.jpg
97,Toyota Land Cruiser Prado,"2022 г., 4 л., автомат, внедорожник 5 дв., бензин, руль слева, 27 000 км",$ 80 500,https://im.mashina.kg/tachka/images//1/3/f/13f7c1b246fd3525cb11d854abf2fad3_240x180.jpg
98,Lexus LX,"2004 г., 4.7 л., автомат, внедорожник 5 дв., бензин, руль слева, 281 635 км",$ 29 500,https://im.mashina.kg/tachka/images//a/0/1/a0166ffb13c6fecaa17707a0bdc16fcb_240x180.jpg
99,Kia Carnival,"2017 г., 2.2 л., автомат, минивэн, дизель, руль слева, 124 000 км",$ 31 900,https://im.mashina.kg/tachka/images//f/4/e/f4e5054326f38c38cd2e83b10a5ce8c4_240x180.jpg
100,Mercedes-Benz Viano,"2009 г., 2.1 л., механика, минивэн, дизель, руль слева, 240 000 км",$ 12 700,https://im.mashina.kg/tachka/images//2/1/7/217e29fa6be7ede058c0d9d2f8317b0a_240x180.jpg
101,Kia K5 II Седан,"2016 г., 2 л., автомат, седан, газ, руль слева, 273 000 км",$ 12 500,https://im.mashina.kg/tachka/images//b/a/6/ba672c4d05b8ea6ab9e34c9dae9131fb_240x180.jpg
102,Toyota Prius,"2015 г., 1.8 л., автомат, хэтчбек 5 дв., гибрид, руль слева, 136 000 км",$ 12 700,https://im.mashina.kg/tachka/images//9/d/3/9d37259b83ab29a88818ca09728dd22b_240x180.jpg
103,Toyota Camry,"2017 г., 2.5 л., автомат, седан, бензин, руль слева, 63 000 км",$ 14 300,https://im.mashina.kg/tachka/images//9/7/5/97519299331ce1d15d9e4fbbda60c983_240x180.jpg
104,Toyota Highlander,"2021 г., 3.5 л., автомат, внедорожник 5 дв., бензин, руль слева, 9 300 км",$ 73 000,https://im.mashina.kg/tachka/images//b/e/c/beced3a20b000e7da226e10cb0b01496_240x180.jpg
105,Toyota Camry,"2018 г., 2.5 л., вариатор, седан, гибрид, руль слева, 95 000 км",$ 30 500,https://im.mashina.kg/tachka/images//0/2/c/02cd6b8d19d4db11bf5178f557590d2c_240x180.jpg
106,Chevrolet Camaro,"2014 г., 3.6 л., автомат, купе, бензин, руль слева, 66 000 км",$ 27 500,https://im.mashina.kg/tachka/images//1/f/e/1fe3360a01daa50a5c5023ac6067b3a7_240x180.jpg
107,BMW 5 серии,"2017 г., 2 л., автомат, седан, дизель, руль слева, 115 000 км",$ 41 800,https://im.mashina.kg/tachka/images//d/c/1/dc18c41b05cc0925fb360326b93cb743_240x180.jpg
108,Lexus GX,"2005 г., 4.7 л., автомат, внедорожник 5 дв., бензин, руль слева, 147 000 км",$ 25 800,https://im.mashina.kg/tachka/images//4/2/6/4266f2a17ea30d17a4ef5c8a4be2d3b6_240x180.jpg
109,Toyota Camry,"2012 г., 2.5 л., автомат, седан, бензин, руль слева, 19 195 км",$ 15 300,https://im.mashina.kg/tachka/images//9/f/3/9f3dd5598802286937b8f71dd53a6a07_240x180.jpg
110,Ford F-150,"2016 г., 2.7 л., автомат, пикап двойная кабина, бензин, руль слева, 130 000 км",$ 43 900,https://im.mashina.kg/tachka/images//4/a/f/4af500b595c094a57c52c7c0d0619835_240x180.jpg
111,Toyota RAV4,"2016 г., 2.5 л., автомат, внедорожник 5 дв., бензин, руль слева, 32 000 км",$ 23 200,https://im.mashina.kg/tachka/images//5/5/d/55dd6aa7fe8732ba60fb130ad6a77364_240x180.jpg
112,Toyota Camry,"2016 г., 2.5 л., автомат, седан, бензин, руль слева, 185 000 км",$ 17 999,https://im.mashina.kg/tachka/images//e/8/5/e85d44024cdb35a03bdac3eb7c58322f_240x180.jpg
113,Genesis GV70,"2022 г., 2.2 л., автомат, внедорожник 5 дв., дизель, руль слева, 767 км",$ 85 000,https://im.mashina.kg/tachka/images//1/1/f/11f0b008a6e69ec7e8ec35f3a7ac7801_240x180.jpg
114,Toyota Camry,"2017 г., 2.5 л., автомат, седан, бензин, руль слева, 45 000 км",$ 22 500,https://im.mashina.kg/tachka/images//1/2/f/12fdcb0f01c55eca8fb97a7e05793cc8_240x180.jpg
115,Toyota Windom,"2001 г., 2.5 л., автомат, седан, бензин, руль справа, 342 000 км",$ 8 600,https://im.mashina.kg/tachka/images//0/b/7/0b75c806ba8c25f53a96c3fc3dd3037f_240x180.jpg
116,Kia K5 I Рестайлинг Седан,"2014 г., 2 л., автомат, седан, газ, руль слева, 136 528 км",$ 12 300,https://im.mashina.kg/tachka/images//7/5/6/756eb623b691f3e26bd1a2b7788ace7e_240x180.jpg
117,Volkswagen ID.4,"2022 г., автомат, внедорожник 5 дв., электро, руль слева, 7 000 км",$ 29 500,https://im.mashina.kg/tachka/images//c/f/f/cffa580aa2866646f20afcb3ea2b7986_240x180.jpg
118,Toyota Corolla,"2003 г., 1.8 л., автомат, седан, бензин, руль слева, 256 000 км",$ 7 100,https://im.mashina.kg/tachka/images//4/3/f/43f5ab8319d4adc355846ddf53f87230_240x180.jpg
119,Honda Fit,"2020 г., 1.5 л., вариатор, хэтчбек 5 дв., бензин, руль слева, 15 300 км",$ 12 300,https://im.mashina.kg/tachka/images//5/3/d/53ddb688aa6f3b6aa3fcf6333639ef6a_240x180.jpg
120,Honda Stepwgn,"2005 г., 2 л., автомат, минивэн, бензин, руль справа, 250 000 км",$ 9 000,https://im.mashina.kg/tachka/images//f/c/f/fcf0c559faed6388a02dca523c4a8688_240x180.jpg
121,Toyota Prius,"2015 г., 1.8 л., автомат, хэтчбек 5 дв., гибрид, руль слева, 15 500 км",$ 13 100,https://im.mashina.kg/tachka/images//f/9/b/f9bbf63208915041c6aa56c6339579e5_240x180.jpg
122,Toyota Camry,"2008 г., 3.5 л., автомат, седан, бензин, руль слева, 237 800 км",$ 10 500,https://im.mashina.kg/tachka/images//f/3/4/f34719f88b21bd0f595a90e1ba8fa2b8_240x180.jpg
123,Hyundai Sonata,"2019 г., 2 л., автомат, седан, бензин / газ, руль слева, 127 000 км",$ 21 500,https://im.mashina.kg/tachka/images//f/3/9/f39ff8fe4cc9e4e8c23ecf28c4749987_240x180.jpg
124,Subaru Outback,"2017 г., 2.5 л., вариатор, универсал, бензин, руль слева, 106 100 км",$ 18 000,https://im.mashina.kg/tachka/images//a/3/4/a340e7cf071dba8b5d310c99b71683e4_240x180.jpg
125,Lexus RX,"2017 г., 3.5 л., автомат, внедорожник 5 дв., бензин, руль слева, 48 000 км",$ 39 000,https://im.mashina.kg/tachka/images//3/0/e/30efb81c38662c164d69145d69ba06cf_240x180.jpg
126,Toyota Avalon,"2016 г., 2.5 л., вариатор, седан, гибрид, руль слева, 48 000 км",$ 24 000,https://im.mashina.kg/tachka/images//0/f/c/0fc0df51056d8621aca2e67c9dfd0118_240x180.jpg
127,Toyota Wish,"2004 г., 1.8 л., автомат, компактвэн, бензин, руль справа, 180 000 км",$ 8 400,https://im.mashina.kg/tachka/images//3/2/b/32b4d8bee421ca5fcec904547fd269db_240x180.jpg
128,Lexus LX,"2022 г., 3.4 л., автомат, внедорожник 5 дв., бензин, руль слева, 22 км",$ 195 000,https://im.mashina.kg/tachka/images//2/1/a/21acd052f24d25091e54ab84e88475c0_240x180.jpg
129,Kia K5 II Седан,"2019 г., 2 л., автомат, седан, газ, руль слева, 150 000 км",$ 15 800,https://im.mashina.kg/tachka/images//3/9/5/395b6e9489553a30bdc05cc2be97f2f5_240x180.jpg
130,Toyota Camry,"2019 г., 2.5 л., вариатор, седан, гибрид, руль слева, 107 000 км",$ 27 000,https://im.mashina.kg/tachka/images//e/f/d/efd844f3ec9230d2434d2a9b5831aeee_240x180.jpg
131,Kia K5 II Седан,"2016 г., 1.7 л., робот, седан, дизель, руль слева, 172 000 км",$ 16 700,https://im.mashina.kg/tachka/images//9/d/b/9db9ea348e31173cbcb3206d4c5e5814_240x180.jpg
132,Volkswagen Golf,"1994 г., 1.8 л., механика, универсал, бензин, руль слева, 100 000 км",$ 2 844,https://im.mashina.kg/tachka/images//a/0/7/a07f8f6bbd088a38c597d62bcf6b36ce_240x180.jpg
133,BMW X5,"2022 г., 4.4 л., автомат, внедорожник 5 дв., бензин, руль слева, 1 000 км",$ 153 500,https://im.mashina.kg/tachka/images//0/2/1/0214e536ad71519485f50035c7a246c9_240x180.jpg
134,Kia Morning,"2016 г., 1 л., автомат, хэтчбек 5 дв., бензин, руль слева, 31 000 км",$ 8 100,https://im.mashina.kg/tachka/images//0/a/d/0add3292cc2f5d2265b4be919ee285b5_240x180.jpg
135,Mitsubishi Delica,"1992 г., 2.5 л., автомат, минивэн, дизель, руль справа, 300 000 км",$ 2 503,https://im.mashina.kg/tachka/images//b/3/4/b34c447f071f1f4cf12a3935eb512626_240x180.jpg
136,Toyota Land Cruiser Prado,"2006 г., 3 л., автомат, внедорожник 5 дв., дизель, руль слева, 250 000 км",$ 21 500,https://im.mashina.kg/tachka/images//a/c/0/ac0684eb33e273a2f3aacb093ab290a4_240x180.jpg
137,Mercedes-Benz S-класс,"1999 г., 4.3 л., автомат, седан, бензин, руль слева, 300 000 км",$ 5 999,https://im.mashina.kg/tachka/images//2/d/d/2dd3f96cdca0209cbf76189d2717cbf0_240x180.jpg
138,Lexus LX,"2010 г., 5.7 л., автомат, внедорожник 5 дв., бензин, руль слева, 290 000 км",$ 37 500,https://im.mashina.kg/tachka/images//7/2/a/72ae202618552c000f10572f4e1c89c8_240x180.jpg
139,Hyundai Santa Fe,"2018 г., 2 л., автомат, внедорожник 5 дв., дизель, руль слева, 97 000 км",$ 30 000,https://im.mashina.kg/tachka/images//b/f/9/bf9c05bf6edc2117d1c2549a8171b1a3_240x180.jpg
140,Lexus RX,"2016 г., 3.5 л., автомат, внедорожник 5 дв., бензин, руль слева, 128 000 км",$ 44 500,https://im.mashina.kg/tachka/images//f/4/b/f4b245534f8ee33b38bf7a7d4a416021_240x180.jpg
141,Hyundai Santa Fe,"2018 г., 2 л., автомат, внедорожник 5 дв., дизель, руль слева, 87 000 км",$ 30 000,https://im.mashina.kg/tachka/images//a/9/e/a9e628dfa90532ebecd4c9832ec522e9_240x180.jpg
142,BMW 5 серии,"2012 г., 2 л., автомат, седан, бензин, руль слева, 250 000 км",$ 18 000,https://im.mashina.kg/tachka/images//d/a/5/da5f05385105c73e00a7620b03677dc0_240x180.jpg
143,Kia K5 II Седан,"2018 г., 2 л., автомат, седан, газ, руль слева, 270 000 км",$ 14 700,https://im.mashina.kg/tachka/images//3/1/2/312ab700b425041c5125f0b7bc9af0a1_240x180.jpg
144,Lexus RX,"2018 г., 3.5 л., вариатор, внедорожник 5 дв., гибрид, руль слева, 100 000 км",$ 54 500,https://im.mashina.kg/tachka/images//a/5/7/a579af8249dd7f2596fa3f96a649fbd4_240x180.jpg
145,Daewoo Matiz,"2011 г., 0.8 л., автомат, хэтчбек 5 дв., бензин, руль слева, 180 000 км",$ 3 755,https://im.mashina.kg/tachka/images//a/0/9/a09186b9535de58f7e9031557176283d_240x180.jpg
146,Subaru Outback,"2018 г., 2.5 л., вариатор, универсал, бензин, руль слева, 31 800 км",$ 26 900,https://im.mashina.kg/tachka/images//6/2/b/62bddf4e413740da15a914606dd03f11_240x180.jpg
147,Kia K7,"2017 г., 3 л., автомат, седан, газ, руль слева, 137 000 км",$ 15 900,https://im.mashina.kg/tachka/images//5/1/8/518acae71cb163aceaf4b377bde2b7ba_240x180.jpg
148,Toyota Camry,"2023 г., 2.5 л., вариатор, седан, гибрид, руль слева, 23 км",$ 45 000,https://im.mashina.kg/tachka/images//0/5/7/05716596b7c77acab20cec5c250e9ad9_240x180.jpg
149,Jetour X70S,"2022 г., 1.5 л., автомат, внедорожник 5 дв., бензин, руль слева, 1 км",$ 24 000,https://im.mashina.kg/tachka/images//1/e/c/1ec23fd62415fa504d8484d8d7f566c2_240x180.jpg
150,Subaru Forester,"2017 г., 2.5 л., вариатор, внедорожник 5 дв., бензин, руль слева, 51 500 км",$ 16 700,https://im.mashina.kg/tachka/images//f/d/2/fd20b618e948d63021744d6e70344935_240x180.jpg
151,Lexus LX,"2016 г., 5.7 л., автомат, внедорожник 5 дв., бензин, руль слева, 100 000 км",$ 89 900,https://im.mashina.kg/tachka/images//9/7/3/973a37cd257ee6b725b65cedec548b7e_240x180.jpg
152,Daewoo Nexia,"2011 г., 1.5 л., механика, седан, бензин, руль слева, 325 687 км",$ 2 750,https://im.mashina.kg/tachka/images//6/8/b/68ba33e9efd23b3696ac0398354cd7ff_240x180.jpg
153,Kia Morning,"2017 г., 1 л., автомат, хэтчбек 5 дв., бензин / газ, руль слева, 135 000 км",$ 8 900,https://im.mashina.kg/tachka/images//d/f/a/dfa91807f402d90b6d60c32df0bbe486_240x180.jpg
154,Jetour Dashing,"2023 г., 1.6 л., робот, внедорожник 5 дв., бензин, руль слева, 1 км",$ 32 500,https://im.mashina.kg/tachka/images//d/d/a/dda0f7cb316915c40b5bd0f90578cda6_240x180.jpg
155,Honda Fit,"2003 г., 1.3 л., механика, хэтчбек 5 дв., бензин, руль слева, 180 000 км",$ 5 800,https://im.mashina.kg/tachka/images//6/f/2/6f24a7a70a39291e950eb0b2c19793d6_240x180.jpg
156,BMW X5,"2018 г., 3 л., автомат, внедорожник 5 дв., дизель, руль слева, 92 000 км",$ 50 000,https://im.mashina.kg/tachka/images//9/5/c/95c9403b3faadf53d9979fca3683c360_240x180.jpg
157,Mercedes-Benz C-Класс,"2018 г., 2.1 л., автомат, седан, дизель, руль слева, 105 000 км",$ 23 000,https://im.mashina.kg/tachka/images//a/1/3/a13a679ddbafb3a3da6255ca1be218ce_240x180.jpg
158,Toyota 4Runner,"2003 г., 4 л., автомат, внедорожник 5 дв., бензин, руль слева, 250 000 км",$ 18 500,https://im.mashina.kg/tachka/images//2/a/e/2ae8ee46080eb87979b581b5bfedcc39_240x180.jpg
159,BMW X5,"2017 г., 3 л., автомат, внедорожник 5 дв., бензин, руль слева, 117 000 км",$ 35 500,https://im.mashina.kg/tachka/images//3/3/7/3379c560e5b5f7aa9269c62da4e329e5_240x180.jpg
160,Toyota RAV4,"2018 г., 2.5 л., вариатор, внедорожник 5 дв., гибрид, руль слева, 100 500 км",$ 28 800,https://im.mashina.kg/tachka/images//e/c/3/ec3797bb486a35413872d7cfd88156a3_240x180.jpg
161,Land Rover Range Rover,"2018 г., 5 л., автомат, внедорожник 5 дв., бензин, руль слева, 70 000 км",$ 144 000,https://im.mashina.kg/tachka/images//e/0/0/e0077a0da5f072a1af071f2fed159bb6_240x180.jpg
162,BMW 3 серии,"2003 г., 2.2 л., автомат, седан, бензин, руль слева, 98 000 км",$ 10 500,https://im.mashina.kg/tachka/images//4/c/f/4cfce0cdd7a47aa774d0a1f027e0e9cb_240x180.jpg
163,BMW 4 серии,"2016 г., 2 л., автомат, лифтбек, дизель, руль слева, 61 000 км",$ 26 000,https://im.mashina.kg/tachka/images//f/e/9/fe9b0a5e071d47c9ad65169f56991ba8_240x180.jpg
164,Toyota RAV4,"2017 г., 2.5 л., вариатор, внедорожник 5 дв., гибрид, руль слева, 146 900 км",$ 28 500,https://im.mashina.kg/tachka/images//3/d/f/3df334c2427a9fe5bf029d3e739787bb_240x180.jpg
165,BMW 4 серии,"2017 г., 2 л., автомат, лифтбек, бензин, руль слева, 37 000 км",$ 29 000,https://im.mashina.kg/tachka/images//c/6/5/c65bebfabb38dfd07f96758f7ee429ba_240x180.jpg
166,Toyota Camry,"2019 г., 2.5 л., автомат, седан, бензин, руль слева, 96 888 км",$ 20 900,https://im.mashina.kg/tachka/images//1/a/6/1a626e15570b8b4b7af0142e1f2fca14_240x180.jpg
167,Mercedes-Benz E-класс,"2004 г., 3.2 л., автомат, седан, бензин, руль слева, 278 000 км",$ 8 600,https://im.mashina.kg/tachka/images//f/8/1/f816e4d7a21191332af45b20c21374be_240x180.jpg
168,BMW 8 серии,"2022 г., 3 л., автомат, седан, бензин, руль слева, 20 км",$ 151 000,https://im.mashina.kg/tachka/images//8/f/a/8faf2a0f3e8ccd69d82eb61a8f3a3f10_240x180.jpg
169,Toyota Corolla,"2007 г., 1.8 л., автомат, седан, бензин, руль слева, 115 000 км",$ 7 800,https://im.mashina.kg/tachka/images//7/b/c/7bc2a9577c477463e7c5044d1be0e780_240x180.jpg
170,Toyota Avalon,"2020 г., 2.5 л., вариатор, седан, гибрид, руль слева, 30 000 км",$ 36 500,https://im.mashina.kg/tachka/images//c/0/5/c05f2c2cafdc5b6df749acdddc8e8e2d_240x180.jpg
171,Lexus RX,"2021 г., 3.5 л., вариатор, внедорожник 5 дв., гибрид, руль слева, 44 000 км",$ 71 500,https://im.mashina.kg/tachka/images//6/6/f/66f5236187507f37c0da90709dbb0569_240x180.jpg
172,Lexus RX,"2019 г., 3.5 л., автомат, внедорожник 5 дв., бензин, руль слева, 63 500 км",$ 66 000,https://im.mashina.kg/tachka/images//c/c/e/cceecc15dbc8e4a35e982aa9f98539b9_240x180.jpg
173,Lexus NX,"2018 г., 2.5 л., вариатор, внедорожник 5 дв., гибрид, руль слева, 78 000 км",$ 41 500,https://im.mashina.kg/tachka/images//d/9/5/d95b966fd8642b9bc3816a47635e379a_240x180.jpg
174,Lexus LX,"2022 г., 3.4 л., автомат, внедорожник 5 дв., бензин, руль слева, 2 000 км",$ 215 000,https://im.mashina.kg/tachka/images//2/4/f/24fdbf6eb7828e54fc53156f9ae9867a_240x180.jpg
175,BMW X5,"2003 г., 4.4 л., автомат, внедорожник 5 дв., бензин, руль слева, 300 000 км",$ 12 500,https://im.mashina.kg/tachka/images//0/3/6/036940b2b28faf6822437c5358853180_240x180.jpg
176,Kia Sorento,"2016 г., 2 л., автомат, внедорожник 5 дв., дизель, руль слева, 183 000 км",$ 24 500,https://im.mashina.kg/tachka/images//9/e/1/9e1186bcddcf5ca60fdd975a10d2fed0_240x180.jpg
177,Kia Carnival,"2017 г., 2.2 л., автомат, минивэн, дизель, руль слева, 150 000 км",$ 25 000,https://im.mashina.kg/tachka/images//b/e/5/be5e9495db923b6e7fdf318b18c8e716_240x180.jpg
178,Toyota Camry,"2017 г., 2.5 л., автомат, седан, бензин, руль слева, 118 000 км",$ 21 500,https://im.mashina.kg/tachka/images//6/e/e/6ee197885d959a00e87b25e62f9069d0_240x180.jpg
179,Nissan Pathfinder,"2005 г., 4 л., автомат, внедорожник 5 дв., бензин, руль слева, 138 000 км",$ 11 500,https://im.mashina.kg/tachka/images//0/0/f/00f7864c4c2162711edc92b95ef81186_240x180.jpg
180,ВАЗ (Lada) 2107,"2010 г., 1.6 л., механика, седан, бензин, руль слева, 62 000 км",$ 3 982,https://im.mashina.kg/tachka/images//b/9/b/b9bae5c139bf107cf1b4c2bd8dec62b4_240x180.jpg
181,Hyundai Sonata,"2017 г., 2 л., автомат, седан, газ, руль слева, 274 000 км",$ 13 700,https://im.mashina.kg/tachka/images//8/c/b/8cb7bc00413ea116517cbaf705c0b057_240x180.jpg
182,Toyota Camry,"2021 г., 2.5 л., автомат, седан, бензин, руль слева, 39 000 км",$ 31 000,https://im.mashina.kg/tachka/images//5/4/f/54f669a810d9d9f2bf3f6c206bfc4852_240x180.jpg
183,Kia Morning,"2018 г., 1 л., автомат, хэтчбек 5 дв., бензин / газ, руль слева, 86 000 км",$ 8 400,https://im.mashina.kg/tachka/images//9/6/2/96283ef5f936926c280e55e087effc9c_240x180.jpg
184,Subaru Legacy,"2017 г., 2.5 л., вариатор, седан, бензин, руль слева, 78 000 км",$ 21 500,https://im.mashina.kg/tachka/images//3/f/6/3f6e1a81cdf5d6656c1fa3945fa4a546_240x180.jpg
185,Mercedes-Benz G-класс,"2005 г., 5 л., автомат, внедорожник, бензин, руль слева",$ 29 500,https://im.mashina.kg/tachka/images//5/0/9/50906fdb93648e1c79f230c3fb495e8d_240x180.jpg
186,Kia Sorento,"2020 г., 2.2 л., робот, внедорожник 5 дв., дизель, руль слева, 93 000 км",$ 35 000,https://im.mashina.kg/tachka/images//2/0/0/200192af6562fc8c9755d5f9dd7bea18_240x180.jpg
187,Mercedes-Benz B-Класс,"2017 г., 2.1 л., робот, хэтчбек 5 дв., дизель, руль слева, 179 000 км",$ 13 500,https://im.mashina.kg/tachka/images//0/7/4/074070641da983e80e4f319d6eaaf2e0_240x180.jpg
188,Kia Sportage,"2016 г., 2 л., автомат, внедорожник 5 дв., дизель, руль слева, 132 000 км",$ 19 999,https://im.mashina.kg/tachka/images//7/3/9/739be97e8ea923c9154035e280bdf925_240x180.jpg
189,Hyundai Elantra,"2017 г., 2 л., автомат, седан, бензин, руль слева, 140 000 км",$ 13 800,https://im.mashina.kg/tachka/images//b/9/b/b9b0d9d8fb461f4d1e41b6257c89a489_240x180.jpg
190,Mercedes-Benz S-класс,"2006 г., 5.5 л., автомат, седан, бензин, руль слева, 144 000 км",$ 16 000,https://im.mashina.kg/tachka/images//6/5/2/65286040ca71db07ca85efa0ea0136be_240x180.jpg
191,Kia Sorento,"2016 г., 2 л., автомат, внедорожник 5 дв., дизель, руль слева, 175 000 км",$ 23 500,https://im.mashina.kg/tachka/images//e/f/1/ef1c04c5a7f2b6caa89333530a379e64_240x180.jpg
192,Hyundai Sonata,"2017 г., 2 л., автомат, седан, газ, руль слева, 192 000 км",$ 14 500,https://im.mashina.kg/tachka/images//f/7/a/f7aa6eb8b6080257564af13ab97078af_240x180.jpg
193,Kia K5 III Седан,"2020 г., 2 л., автомат, седан, бензин / газ, руль слева, 64 000 км",$ 25 000,https://im.mashina.kg/tachka/images//1/5/b/15b2e359eb5e9af2040e1ea711ff7c17_240x180.jpg
194,Honda Fit,"2004 г., 1.3 л., вариатор, хэтчбек 5 дв., бензин, руль справа, 223 000 км",$ 6 700,https://im.mashina.kg/tachka/images//4/4/9/449a16db86d94c2310b0c7abf02e6754_240x180.jpg
195,Toyota RAV4,"1995 г., 2 л., механика, внедорожник 3 дв., бензин, руль слева, 416 346 км",$ 3 982,https://im.mashina.kg/tachka/images//8/4/f/84f08ee89a38c49ddeed92dc3bf81648_240x180.jpg
196,BMW X5,"2022 г., 3 л., автомат, внедорожник 5 дв., гибрид, руль слева, 35 км",$ 132 000,https://im.mashina.kg/tachka/images//b/4/d/b4d811714b1c7a3c6aa44ee2942b02b7_240x180.jpg
197,Toyota Altezza,"2003 г., 2 л., автомат, универсал, бензин, руль справа, 308 000 км",$ 5 600,https://im.mashina.kg/tachka/images//0/0/2/002f7a0560e3ca7a2d26e76c94df1089_240x180.jpg
198,Hyundai Sonata,"2017 г., 2 л., автомат, седан, газ, руль слева, 117 000 км",$ 14 100,https://im.mashina.kg/tachka/images//2/2/e/22ef6eb94e754610769f83cce7d8094d_240x180.jpg
199,Toyota Camry,"2016 г., 2.5 л., автомат, седан, бензин, руль слева, 109 000 км",$ 15 900,https://im.mashina.kg/tachka/images//c/d/c/cdc43dea57349a96a0a64d80674ca9d9_240x180.jpg
200,Genesis G80,"2021 г., 2.5 л., автомат, седан, бензин, руль слева, 51 000 км",$ 66 000,https://im.mashina.kg/tachka/images//5/4/9/549daa2ee7a4f919792b0d639887a332_240x180.jpg
201,BMW X5,"2019 г., 3 л., автомат, внедорожник 5 дв., бензин, руль слева, 114 263 км",$ 82 999,https://im.mashina.kg/tachka/images//8/d/9/8d9fe3d91602549d1868fa840faf54dc_240x180.jpg
202,Toyota Highlander,"2017 г., 3.5 л., вариатор, внедорожник 5 дв., гибрид, руль слева, 75 000 км",$ 39 900,https://im.mashina.kg/tachka/images//0/4/e/04efe389b4b239667ae0e9f96fb43288_240x180.jpg
203,Chevrolet Cruze,"2016 г., 1.4 л., автомат, седан, бензин, руль слева, 188 000 км",$ 11 500,https://im.mashina.kg/tachka/images//6/c/9/6c9321c87f3f19295537192e84fabe0f_240x180.jpg
204,Toyota Vellfire,"2010 г., 3.5 л., автомат, минивэн, бензин, руль справа, 100 000 км",$ 16 700,https://im.mashina.kg/tachka/images//3/b/2/3b2a39d94e09e2f76af07d4b063d4766_240x180.jpg
205,BMW X5,"2016 г., 3 л., автомат, внедорожник 5 дв., бензин, руль слева, 114 000 км",$ 55 000,https://im.mashina.kg/tachka/images//0/8/d/08def655941af893480f9459b0e8ffd4_240x180.jpg
206,BMW X5 M,"2015 г., 4.4 л., автомат, внедорожник 5 дв., бензин, руль слева, 112 000 км",$ 55 000,https://im.mashina.kg/tachka/images//9/4/b/94bf8de226be6637852b7ff5693e59a2_240x180.jpg
207,BMW X5,"2018 г., 3 л., автомат, внедорожник 5 дв., дизель, руль слева, 127 000 км",$ 47 500,https://im.mashina.kg/tachka/images//a/a/7/aa7bebb41270fb3d22458c5cee43787a_240x180.jpg
208,BMW 5 серии,"2018 г., 2 л., автомат, седан, дизель, руль слева, 154 876 км",$ 34 700,https://im.mashina.kg/tachka/images//c/5/3/c531bc66ade824a08e16b255fa51ea94_240x180.jpg
209,Hyundai Grandeur,"2014 г., 3 л., автомат, седан, бензин, руль слева, 170 000 км",$ 14 000,https://im.mashina.kg/tachka/images//0/a/a/0aac14224d89e8e390e95918ac94dfcd_240x180.jpg
210,Mercedes-Benz S-класс,"2004 г., 5 л., автомат, седан, бензин, руль слева, 176 000 км",$ 14 500,https://im.mashina.kg/tachka/images//5/d/2/5d298f34b94fb42234932ca0e7ade416_240x180.jpg
211,Toyota Sequoia,"2013 г., 5.7 л., автомат, внедорожник 5 дв., бензин, руль слева, 141 000 км",$ 45 000,https://im.mashina.kg/tachka/images//f/1/d/f1d7b10ee06ccfdd7d26229bed91304e_240x180.jpg
212,Chevrolet Spark,"2014 г., 1 л., автомат, хэтчбек 5 дв., бензин, руль слева, 85 000 км",$ 7 200,https://im.mashina.kg/tachka/images//3/a/c/3ac4d08f6266322a8a03c5254033f3da_240x180.jpg
213,Toyota RAV4,"2016 г., 2.5 л., вариатор, внедорожник 5 дв., гибрид, руль слева, 18 000 км",$ 23 700,https://im.mashina.kg/tachka/images//4/f/6/4f66b77951d08ee8989839f192a362b3_240x180.jpg
214,Toyota Camry,"2017 г., 2.5 л., автомат, седан, бензин, руль слева, 30 000 км",$ 25 000,https://im.mashina.kg/tachka/images//0/5/2/052f5f8a696756afbb6d444ee84e7432_240x180.jpg
215,Lexus RX,"2019 г., 2 л., автомат, внедорожник 5 дв., бензин, руль слева, 60 000 км",$ 49 500,https://im.mashina.kg/tachka/images//7/6/4/7642abb70270fd186311d7cd2f4f5ce2_240x180.jpg
216,Toyota Harrier,"1998 г., 3 л., автомат, внедорожник 5 дв., бензин, руль справа, 257 000 км",$ 6 700,https://im.mashina.kg/tachka/images//d/4/3/d435ddb0de46ac132e88627b857cb979_240x180.jpg
217,Toyota Prius,"2008 г., 1.5 л., автомат, хэтчбек 5 дв., гибрид, руль слева, 243 000 км",$ 9 500,https://im.mashina.kg/tachka/images//b/b/1/bb1530519e82aa25cb19743260cc3f7e_240x180.jpg
218,Tesla Model 3,"2019 г., автомат, седан, электро, руль слева, 51 000 км",$ 42 900,https://im.mashina.kg/tachka/images//c/1/d/c1d805e5616d000fac866a4ffc90ed1c_240x180.jpg
219,Lexus GX,"2008 г., 4.7 л., автомат, внедорожник 5 дв., бензин, руль слева, 193 000 км",$ 30 500,https://im.mashina.kg/tachka/images//d/5/3/d5391c25e3829b8e77eac01b6570a2d6_240x180.jpg
220,Kia K5 II Седан,"2018 г., 2 л., автомат, седан, газ, руль слева, 105 000 км",$ 16 900,https://im.mashina.kg/tachka/images//6/7/9/6795742dffd40e607dbb55a4720fab5d_240x180.jpg
221,Lexus RX,"2020 г., 3.5 л., автомат, внедорожник 5 дв., бензин, руль слева, 39 000 км",$ 71 000,https://im.mashina.kg/tachka/images//e/d/9/ed973381501597458e0dc4c7b50d9ce2_240x180.jpg
222,BMW X5,"2018 г., 3 л., автомат, внедорожник 5 дв., дизель, руль слева, 55 768 км",$ 89 000,https://im.mashina.kg/tachka/images//a/f/d/afdde128de9aef7a3489204ec4653259_240x180.jpg
223,Toyota Camry,"2018 г., 2.5 л., автомат, седан, бензин, руль слева, 69 561 км",$ 23 500,https://im.mashina.kg/tachka/images//7/1/f/71f4bab89ccee1be37d87d61f74a0350_240x180.jpg
224,BMW 7 серии,"2017 г., 4.4 л., автомат, седан, бензин, руль слева, 145 000 км",$ 53 900,https://im.mashina.kg/tachka/images//0/3/a/03a203de9be6474c5e41a002af625b60_240x180.jpg
225,Kia K7,"2014 г., 3 л., автомат, седан, бензин, руль слева, 123 000 км",$ 15 000,https://im.mashina.kg/tachka/images//9/9/6/996a01f76274f0c221d87f78e7a0e8b9_240x180.jpg
226,Toyota Camry,"2004 г., 2.4 л., автомат, седан, бензин, руль слева, 237 000 км",$ 11 000,https://im.mashina.kg/tachka/images//5/3/0/53082e35e0d5491bb365f0100ab1623d_240x180.jpg
227,Land Rover Range Rover,"2010 г., 4.4 л., автомат, внедорожник 5 дв., дизель, руль слева, 255 000 км",$ 29 300,https://im.mashina.kg/tachka/images//0/2/3/0235bb9c499d3330d8338fc7357a6897_240x180.jpg
228,Lexus GS,"2017 г., 2.5 л., вариатор, седан, гибрид, руль слева, 110 000 км",$ 32 000,https://im.mashina.kg/tachka/images//d/3/0/d30896da458f7ad81d2bf08b34caa34b_240x180.jpg
229,Toyota Camry,"2017 г., 2.5 л., автомат, седан, бензин, руль слева, 34 000 км",$ 17 300,https://im.mashina.kg/tachka/images//5/f/0/5f05d53af4fa872be0853deca2b87426_240x180.jpg
230,Toyota Camry,"2018 г., 2.5 л., автомат, седан, бензин, руль слева, 70 000 км",$ 21 900,https://im.mashina.kg/tachka/images//2/8/f/28faac91f330e30c3f3b1545e5db9caf_240x180.jpg
231,Roewe i5,"2019 г., автомат, универсал, электро, руль слева, 50 000 км",$ 16 000,https://im.mashina.kg/tachka/images//e/7/d/e7d5c5e49530cbf4eb02c4d653fb94ea_240x180.jpg
232,LiXiang One,"2022 г., 1.2 л., вариатор, внедорожник 5 дв., гибрид, руль слева, 10 000 км",$ 53 000,https://im.mashina.kg/tachka/images//6/9/6/696f26f2c1b9c8cf658bdf84dd4fcec8_240x180.jpg
233,Mercedes-Benz M-класс AMG,"2013 г., 5.5 л., автомат, внедорожник 5 дв., бензин, руль слева, 87 000 км",$ 49 000,https://im.mashina.kg/tachka/images//2/8/4/284f3124f8270dfd53a1b4956865648b_240x180.jpg
234,Toyota Auris,"2011 г., 1.8 л., вариатор, хэтчбек 5 дв., гибрид, руль слева, 166 000 км",$ 12 700,https://im.mashina.kg/tachka/images//d/e/a/dea451ddf670f7b36d52c32b9ced1273_240x180.jpg
235,Hyundai Creta,"2020 г., 2 л., автомат, внедорожник 5 дв., бензин, руль слева, 24 000 км",$ 25 000,https://im.mashina.kg/tachka/images//3/2/f/32fc093662ea1bbaa5a574c8a75f10fe_240x180.jpg
236,Lexus NX,"2016 г., 2.5 л., вариатор, внедорожник 5 дв., гибрид, руль слева, 110 000 км",$ 39 000,https://im.mashina.kg/tachka/images//d/4/5/d454cb2ca27554bafc98382ec461cfb8_240x180.jpg
237,Ford C-MAX,"2016 г., 2 л., вариатор, компактвэн, гибрид, руль слева, 52 000 км",$ 13 900,https://im.mashina.kg/tachka/images//6/6/1/661d7f1f4a325707d961ddeb7c17e137_240x180.jpg
238,Porsche Panamera,"2011 г., 4.8 л., робот, хэтчбек 5 дв., бензин, руль слева, 150 000 км",$ 35 000,https://im.mashina.kg/tachka/images//0/4/f/04f2dea18e153c98b497445a14f5c283_240x180.jpg
239,Honda Stepwgn,"2005 г., 2 л., автомат, минивэн, бензин, руль справа, 160 000 км",$ 12 000,https://im.mashina.kg/tachka/images//0/c/f/0cf597b2ac90ed330c529a93fe23bc17_240x180.jpg
240,Weltmeister EX5,"2019 г., автомат, внедорожник 5 дв., электро, руль слева, 80 000 км",$ 20 700,https://im.mashina.kg/tachka/images//6/e/a/6ea5725cd5eafde0cbb5c9b47d13d918_240x180.jpg
241,Lexus RX,"2017 г., 3.5 л., автомат, внедорожник 5 дв., бензин, руль слева, 96 000 км",$ 44 000,https://im.mashina.kg/tachka/images//6/7/f/67f7d3f137d4e6096c48ef32f0f2d113_240x180.jpg
242,Toyota Land Cruiser,"2012 г., 4.5 л., автомат, внедорожник 5 дв., дизель, руль слева, 185 000 км",$ 34 000,https://im.mashina.kg/tachka/images//4/0/5/405e9fdd7c1dc3369905aa45feb1431c_240x180.jpg
243,Daewoo Nexia,"2012 г., 1.6 л., механика, седан, бензин, руль слева, 25 000 км",$ 2 560,https://im.mashina.kg/tachka/images//e/6/2/e6237c0a9ea57013e805cd2fffc2b02e_240x180.jpg
244,Toyota Mark II,"2000 г., 2 л., автомат, седан, бензин, руль справа, 350 000 км",$ 4 000,https://im.mashina.kg/tachka/images//4/2/3/4232c2003150b86f0956d5befa8ff75d_240x180.jpg
245,Subaru Outback,"2021 г., 2.5 л., вариатор, универсал, бензин, руль слева, 21 000 км",$ 28 000,https://im.mashina.kg/tachka/images//c/2/3/c236efbce9bc0a5a0a1bba5d05fb0f61_240x180.jpg
246,Daewoo Matiz,"2006 г., 0.8 л., механика, хэтчбек 5 дв., бензин, руль слева, 177 480 км",$ 2 276,https://im.mashina.kg/tachka/images//9/5/1/9510116bef2d6fab3dd39b7582872e89_240x180.jpg
247,Mazda Demio,"2003 г., 1.3 л., автомат, хэтчбек 5 дв., бензин, руль справа",$ 5 200,https://im.mashina.kg/tachka/images//6/b/2/6b2e3dc7cf8c399d0c9cb1beaf3d1b62_240x180.jpg
248,Kia Sportage,"2017 г., 2 л., автомат, внедорожник 5 дв., дизель, руль слева, 170 000 км",$ 20 500,No image!
249,Toyota Probox,"2006 г., 1.5 л., автомат, универсал, бензин, руль справа",$ 6 500,https://im.mashina.kg/tachka/images//b/8/7/b87ff3bce4bfac34c0b2eabee267313d_240x180.jpg
250,Ford Mondeo,"2004 г., 2.5 л., автомат, лифтбек, бензин, руль слева, 281 500 км",$ 3 868,https://im.mashina.kg/tachka/images//4/7/7/477509e7226e312a1cd626b02468d0b6_240x180.jpg
251,Toyota Camry,"2017 г., 2.5 л., автомат, седан, бензин, руль слева, 180 000 км",$ 20 000,https://im.mashina.kg/tachka/images//2/4/e/24eef73310c281496a71a996ad17569e_240x180.jpg
252,Kia Carnival,"2016 г., 2.2 л., автомат, минивэн, дизель, руль слева, 235 000 км",$ 21 000,https://im.mashina.kg/tachka/images//c/c/1/cc1277c8cf50d8b1c0e495ca386648c2_240x180.jpg
253,Daewoo Matiz,"2006 г., 0.8 л., механика, хэтчбек 5 дв., бензин, руль слева, 20 000 км",$ 2 526,https://im.mashina.kg/tachka/images//5/9/6/596f8c3a9944f6d52c08b51527c12b0e_240x180.jpg
254,Toyota 4Runner,"2005 г., 4 л., автомат, внедорожник 5 дв., бензин, руль слева, 260 000 км",$ 23 000,https://im.mashina.kg/tachka/images//0/9/c/09c9e2ed0171f236c48d0b6575f63f6f_240x180.jpg
255,Toyota HiAce,"2002 г., 3 л., автомат, минивэн, дизель, руль справа, 300 000 км",$ 8 500,https://im.mashina.kg/tachka/images//8/f/d/8fd6daa07a8f246df1ea87eb98155c2e_240x180.jpg
256,Chevrolet TrailBlazer,"2002 г., 4.2 л., автомат, внедорожник 5 дв., бензин, руль слева, 123 654 км",$ 10 000,https://im.mashina.kg/tachka/images//b/0/4/b040039aef415a081b96bd2dae5f3ffb_240x180.jpg
257,Toyota Camry,"2015 г., 2.5 л., автомат, седан, бензин, руль слева, 103 000 км",$ 15 000,https://im.mashina.kg/tachka/images//b/7/c/b7cd0fddbdfab47cf7464056f0fe1b6a_240x180.jpg
258,Honda Stepwgn,"1996 г., 2 л., автомат, минивэн, бензин, руль справа, 4 000 км",$ 5 461,https://im.mashina.kg/tachka/images//7/0/7/7070c1d38abe64cf6e8a899b5914f378_240x180.jpg
259,Toyota Camry,"2013 г., 2.5 л., автомат, седан, бензин, руль слева, 178 720 км",$ 12 999,https://im.mashina.kg/tachka/images//f/6/6/f66fb35ae9f204400c3385871d932bbf_240x180.jpg
260,Toyota Sienna,"2003 г., 3.3 л., автомат, минивэн, бензин, руль слева, 150 000 км",$ 11 300,https://im.mashina.kg/tachka/images//9/c/9/9c97e2de99e0041d889ee28ff46895fe_240x180.jpg
261,Toyota Sienna,"2003 г., 3.3 л., автомат, минивэн, бензин, руль слева, 150 000 км",$ 11 300,https://im.mashina.kg/tachka/images//9/c/9/9c97e2de99e0041d889ee28ff46895fe_240x180.jpg
262,Mercedes-Benz G-класс,"2004 г., 4 л., автомат, внедорожник 5 дв., дизель, руль слева, 250 000 км",$ 21 800,https://im.mashina.kg/tachka/images//1/d/5/1d5d83ab50fb5a70bbdd306849d51f31_240x180.jpg
263,Mercedes-Benz W124,"1988 г., 2.5 л., механика, универсал, дизель, руль слева",$ 2 048,https://im.mashina.kg/tachka/images//7/5/d/75d00e7619423d42fa33a44a55ab75fd_240x180.jpg
264,Mitsubishi Galant,"1996 г., 2.4 л., автомат, седан, бензин, руль справа, 175 000 км",$ 2 276,https://im.mashina.kg/tachka/images//2/7/b/27bc1c261b76d2fcea37151a1dea7ab3_240x180.jpg
265,Kia Picanto,"2006 г., 1.1 л., механика, хэтчбек 5 дв., бензин, руль слева, 182 000 км",$ 3 868,https://im.mashina.kg/tachka/images//9/f/d/9fdcb7822608036423011d82c122209a_240x180.jpg
266,Toyota Ipsum,"1998 г., 2 л., автомат, компактвэн, бензин, руль справа, 236 000 км",$ 6 800,https://im.mashina.kg/tachka/images//5/d/a/5dafe504c2967664d789c901bc84f1f4_240x180.jpg
267,Kia K7,"2018 г., 2.4 л., автомат, седан, гибрид, руль слева, 63 000 км",$ 26 800,https://im.mashina.kg/tachka/images//9/c/f/9cf6652241bf749910047da569a49694_240x180.jpg
268,Nissan Teana,"2011 г., 2 л., автомат, седан, бензин, руль слева, 210 000 км",$ 11 000,https://im.mashina.kg/tachka/images//9/6/5/96595503d7935073d6c5de9f36dfe322_240x180.jpg
269,Honda M-NV,"2022 г., автомат, внедорожник 5 дв., электро, руль слева, 100 км",$ 27 000,https://im.mashina.kg/tachka/images//9/5/2/9524237ec51942db77f68b1dd8e6109b_240x180.jpg
270,Lexus NX,"2016 г., 2.5 л., вариатор, внедорожник 5 дв., гибрид, руль слева, 159 000 км",$ 34 000,https://im.mashina.kg/tachka/images//f/c/a/fca07209d0d57ac0fd64ce180c3ac469_240x180.jpg
271,Mitsubishi Grandis,"2004 г., 2.4 л., автомат, минивэн, бензин, руль справа, 165 000 км",$ 7 300,https://im.mashina.kg/tachka/images//4/7/5/4755ff35e7538c7a9ffcbaafec89068a_240x180.jpg
272,Honda Fit,"2003 г., 1.3 л., вариатор, хэтчбек 5 дв., бензин, руль справа",$ 5 006,https://im.mashina.kg/tachka/images//c/a/2/ca2b19252941ac5b1ffe20728af1c0a3_240x180.jpg
273,Toyota Alphard,"2006 г., 3 л., автомат, минивэн, бензин, руль справа, 140 000 км",$ 15 800,https://im.mashina.kg/tachka/images//a/9/e/a9ecd87e5da4fadb15a22ab4bf36564e_240x180.jpg
274,Mercedes-Benz E-класс,"2004 г., 3.2 л., автомат, седан, бензин, руль слева, 215 000 км",$ 14 000,https://im.mashina.kg/tachka/images//0/5/d/05decce367857aef7225ed60437df7eb_240x180.jpg
275,Mercedes-Benz E-класс,"1999 г., 2.4 л., автомат, седан, бензин, руль слева, 212 000 км",$ 4 300,https://im.mashina.kg/tachka/images//8/d/9/8d9e7c860132d739b6bce3fa614afe20_240x180.jpg
276,Toyota Windom,"2002 г., 3 л., автомат, седан, бензин, руль справа, 304 456 км",$ 8 875,https://im.mashina.kg/tachka/images//a/d/1/ad1f2e3ef0d6bfa4d22cc80fe4e21fb8_240x180.jpg
277,Toyota Prius c,"2017 г., 1.5 л., вариатор, хэтчбек 5 дв., гибрид, руль слева, 113 000 км",$ 11 000,https://im.mashina.kg/tachka/images//0/4/9/049f51e98e299cd448aa7cbd3a6e71b2_240x180.jpg
278,Lexus RX,"2005 г., 3.3 л., вариатор, внедорожник 5 дв., гибрид, руль слева, 30 000 км",$ 16 500,https://im.mashina.kg/tachka/images//f/1/5/f1554acf9171ec7170330cb27ab4d49c_240x180.jpg
279,Kia K7,"2016 г., 2.4 л., автомат, седан, бензин, руль слева, 48 000 км",$ 18 900,https://im.mashina.kg/tachka/images//d/a/1/da1c135bea7ceb768d1a443e99355b6a_240x180.jpg
280,Daewoo Matiz,"2009 г., 0.8 л., механика, хэтчбек 5 дв., бензин, руль слева, 145 546 км",$ 2 560,https://im.mashina.kg/tachka/images//4/9/3/493507f89a4f3d87569d226c3ea72476_240x180.jpg
281,Land Rover Discovery,"1995 г., 2.5 л., автомат, внедорожник 5 дв., дизель, руль слева, 340 000 км",$ 15 000,https://im.mashina.kg/tachka/images//a/f/e/afebc25f9727e13f7dc209d1669c9b5f_240x180.jpg
282,Hyundai Avante,"2011 г., 1.6 л., автомат, седан, бензин, руль слева, 153 000 км",$ 11 000,https://im.mashina.kg/tachka/images//2/2/e/22e937b339a0110542c179ce1cfe41f6_240x180.jpg
283,Ford Focus,"2000 г., 1.8 л., механика, универсал, дизель, руль слева",$ 2 048,No image!
284,Toyota Corolla,"2004 г., 1.6 л., автомат, хэтчбек 5 дв., бензин, руль слева, 183 000 км",$ 8 647,https://im.mashina.kg/tachka/images//b/c/5/bc5e8689cbd5218c11e54da693669751_240x180.jpg
285,Toyota Corolla Verso,"2004 г., 1.8 л., механика, компактвэн, бензин, руль слева, 193 000 км",$ 9 216,https://im.mashina.kg/tachka/images//0/8/d/08d93764a3a2d6ab18f90d4a83033e97_240x180.jpg
286,Toyota Corolla Verso,"2003 г., 1.6 л., механика, компактвэн, бензин, руль слева, 203 000 км",$ 7 737,https://im.mashina.kg/tachka/images//0/7/9/0798429d9b1935eed6549a0b1044eef1_240x180.jpg
287,Hyundai Elantra,"2000 г., 2 л., автомат, седан, бензин, руль слева, 250 000 км",$ 3 982,https://im.mashina.kg/tachka/images//e/1/4/e14987632a75ab18855176d0e43af1e8_240x180.jpg
288,Hyundai Getz,"2004 г., 1.6 л., автомат, хэтчбек 5 дв., бензин, руль слева, 265 000 км",$ 5 177,https://im.mashina.kg/tachka/images//5/c/7/5c791b622fc9134dfd035bc46a2bf344_240x180.jpg
289,Mercedes-Benz S-класс,"1996 г., 5 л., автомат, седан, бензин, руль слева, 280 000 км",$ 8 500,https://im.mashina.kg/tachka/images//c/9/1/c912b61db24052b4b3b3b0508c07922d_240x180.jpg
290,BMW 3 серии,"2015 г., 3 л., автомат, седан, бензин, руль слева, 100 000 км",$ 26 000,https://im.mashina.kg/tachka/images//b/d/2/bd20e2a23a60ff19dd138d9c50c8bd66_240x180.jpg
291,Honda Fit,"2005 г., 1.3 л., вариатор, хэтчбек 5 дв., бензин, руль справа, 275 000 км",$ 7 054,https://im.mashina.kg/tachka/images//e/c/9/ec987122edbfeddfd1337568d1b2df03_240x180.jpg
292,Mazda Demio,"2003 г., 1.3 л., автомат, хэтчбек 5 дв., бензин, руль справа, 245 000 км",$ 4 551,https://im.mashina.kg/tachka/images//4/8/b/48b9382e492efbe9eef8431728752aa6_240x180.jpg
293,BMW M5,"2012 г., 4.4 л., робот, седан, бензин, руль слева, 85 000 км",$ 35 000,https://im.mashina.kg/tachka/images//e/d/5/ed591cd260ccd3dab9710590ad0627bc_240x180.jpg
294,Geely Kandi EX3,"2018 г., автомат, внедорожник 5 дв., электро, руль слева, 26 000 км",$ 18 500,https://im.mashina.kg/tachka/images//0/4/4/04437bb26ee5724726da8d4cc085b204_240x180.jpg
295,Ford Mustang,"2019 г., 2.3 л., механика, купе, бензин, руль слева, 23 000 км",$ 33 700,https://im.mashina.kg/tachka/images//e/3/6/e36160f48cc8bb10d73e522ce366d047_240x180.jpg
296,Hyundai Grandeur,"2017 г., 3 л., автомат, седан, бензин / газ, руль слева, 150 000 км",$ 16 000,https://im.mashina.kg/tachka/images//6/a/3/6a3026200ecef8ba42eb1e683e5e6340_240x180.jpg
297,Toyota Corolla,"2002 г., 1.4 л., механика, седан, бензин, руль слева, 232 000 км",$ 5 689,https://im.mashina.kg/tachka/images//4/4/c/44c12ce472642c9dc417b70c52b0bde0_240x180.jpg
298,ВАЗ (Lada) Priora,"2011 г., 1.6 л., механика, седан, бензин, руль слева, 246 000 км",$ 4 324,https://im.mashina.kg/tachka/images//3/c/0/3c0c300b1d24fc5abde3d50934d74da8_240x180.jpg
299,Lexus ES,"2013 г., 2.5 л., вариатор, седан, гибрид, руль слева",$ 21 500,https://im.mashina.kg/tachka/images//b/f/d/bfd9aecf084e4f3c19a4f851820898d8_240x180.jpg
300,Toyota Camry,"2021 г., 2.5 л., автомат, седан, бензин, руль слева, 10 000 км",$ 38 000,https://im.mashina.kg/tachka/images//f/7/6/f7641ee1b87d4a844b5b0772834deb83_240x180.jpg
